id,manobo,tagalog,english,category,note
1,madjow no masim,Magandang umaga,Good morning,phrase,
2,madjow no madukilom,Magandang gabi,Good evening,phrase,
3,naliyagan ko sikuna,Gusto kita,I like you,phrase,
4,hunda kumosta,Kumusta ka?,"Hi, how are you?",phrase,
5,nahigugma a ikow,Mahal kita,I love you,phrase,
6,ande ka tug deg,Saan ka pupunta?,Where are you going?,phrase,
7,kuon ki,Kain tayo,Let's eat,phrase,
8,kada idow,Araw-araw,Every day,phrase,
9,pasaylo a,Paumanhin / Patawad,Sorry / Excuse me,phrase,
10,ojow a,Ayoko,I don't want,phrase,
11,buli a,Pabili,May I buy,phrase,
12,ganina,Kanina,Earlier,time,
13,kasim,Bukas,Tomorrow,time,
14,idow,Araw,Day,time,
15,kuntoon,Ngayon,Now / Today,time,
16,gaja,Mamaya,Later,time,
17,gabi i,Kahapon,Yesterday,time,
18,masim,Umaga,Morning,time,
19,maudto,Tanghali,Noon,time,
20,mahapon,Hapon,Afternoon,time,
21,madukilom,Gabi,Night / Evening,time,
22,tuig,Taon,Year,time,
23,tagad,Sandali / Maghintay,Wait / A moment,verb,
24,sajo,Maaga,Early,time,
25,pirmi,Palagi,Always,time,
26,usahay,Minsan,Sometimes,time,
27,kagan o,Kailan,When,question,
28,ande,Saan,Where,question,
29,nakoy,Bakit,Why,question,
30,amunohon,Paano,How,question,
31,intawa,Sino,Who,question,
32,siak,Ako,I / Me,pronoun,
33,sikuna,Ikaw,You,pronoun,
34,sikandin,Siya,He / She,pronoun,
35,sikandan,Sila,They,pronoun,
36,ita,Tayo,We (inclusive),pronoun,
37,kanay,Sa akin,Mine / To me,pronoun,
38,madaog,Marami,Many / A lot,adjective,
39,wada,Wala,None / Nothing,other,
40,medoon,Mayroon,There is / Have,other,
41,inggad,Kahit,Even / Even if,connector,
42,yagboy,Talaga,Really / Truly,other,
43,kailing,Akala,Thought (assumed),other,
44,huo,Oo,Yes,other,
45,kuna,Hindi,No / Not,other,
46,ojow,Ayaw,Don't want / Refuse,verb,
47,madujow,Mabuti,Good / Fine,adjective,
48,buotan,Mabait,Kind,adjective,
49,magwapa,Maganda,Beautiful,adjective,
50,maduot,Pangit,Ugly,adjective,
51,masamok,Maingay,Noisy,adjective,
52,mahumot,Mabango,Fragrant,adjective,
53,madogi,Malaki,Big,adjective,
54,ma intok,Maliit,Small,adjective,
55,masungot,Mabaho,Smelly,adjective,
56,madani,Malapit,Near,adjective,
57,madiyo,Malayo,Far,adjective,
58,nalipay,Masaya,Happy,adjective,
59,pahagtong,Tahimik,Quiet,adjective,"Also: mahagtong, mahunok — confirm which is most used"
60,mahagtong,Tahimik,Quiet,adjective,"Also: pahagtong, mahunok"
61,mahunok,Tahimik,Quiet / Calm,adjective,"Also: pahagtong, mahagtong"
62,matikang,Mataas,Tall / High,adjective,
63,masagkop,Maikli / Pandak,Short,adjective,Also: majupot (maikli)
64,majupot,Maikli,Short (length),adjective,
65,kogihan,Masipag,Hardworking,adjective,
66,poluho,Tamad,Lazy,adjective,
67,maduson,Malakas,Strong,adjective,
68,mayutoy,Mahina,Weak,adjective,
69,mabuyot,Matapang,Brave,adjective,
70,masikawon,Mahiyain,Shy,adjective,
71,daotan,Masama,Bad / Evil,adjective,
72,magol anon,Malungkot,Sad,adjective,
73,uhawon,Nauuhaw,Thirsty,adjective,
74,mahinlo,Malinis,Clean,adjective,
75,maligsom,Marumi,Dirty,adjective,
76,tahay,Tuyo,Dry,adjective,
77,basa,Basa,Wet,adjective,
78,mabug at,Mabigat,Heavy,adjective,
79,maagkap,Magaan,Light (weight),adjective,
80,mapaso,Mainit,Hot,adjective,
81,matignaw,Malamig,Cold,adjective,
82,mapudos,Maasim,Sour,adjective,
83,matam is,Matamis,Sweet,adjective,
84,mapoit,Mapait,Bitter,adjective,
85,maparat,Maalat,Salty,adjective,
86,malami,Masarap,Delicious,adjective,
87,hilow,Hilaw,Raw / Unripe,adjective,
88,mapaspas,Mabilis,Fast,adjective,
89,mahinoy,Mabagal,Slow,adjective,
90,mayow ag,Malawak,Wide,adjective,
91,matagsa,Kaunti,Few / A little,adjective,
92,tibo,Lahat,All / Everyone,other,
93,maawang,Malinaw,Clear,adjective,
94,naguba,Nasira,Broken / Destroyed,verb,
95,lipodong,Natulog,Slept / Sleep,verb,
96,buyat,Gising,Awake / Wake up,verb,
97,indoy,Iwan,Leave behind,verb,
98,kuon,Kain,Eat,verb,
99,mig tabang,Tumulong,Helped / Help,verb,
100,mig hunahuna,Nag-iisip,Thinking,verb,
101,paminog,Makinig,Listen,verb,
102,mig ngangang,Umiiyak,Crying,verb,
103,mig ngisi,Tumatawa,Laughing,verb,
104,sikad,Tumakbo,Run,verb,
105,panow,Lakad,Walk,verb,
106,uli,Umuwi,Go home,verb,
107,sed,Pumasok,Enter / Come in,verb,
108,mig inom,Umiinom,Drinking,verb,
109,sajow,Sumayaw,Dance,verb,
110,mo storya,Magsalita,Speak / Talk,verb,
111,mig aha,Tumingin,Look,verb,
112,mig panow,Umalis,Leave / Depart,verb,
113,datung,Dumating,Arrive,verb,
114,yuto,Luto,Cook / Cooked,verb,
115,mig yuto,Magluto,Cook (to cook),verb,
116,pamugoy,Magbigay,Give,verb,
117,pudot,Kumuha,Get / Take,verb,
118,daya,Magdala,Bring / Carry,verb,
119,suyat,Sulat,Write / Letter,verb,
120,pahuway,Pahinga,Rest,verb,
121,ajag,Mag-ingat,Take care,verb,
122,ingkud,Umupo,Sit,verb,
123,tindog,Tumayo,Stand,verb,
124,yakso,Tumalon,Jump,verb,
125,pinadajag,Minamahal / Palangga,Beloved / Dear,adjective,
126,bujag,Babae,Woman / Female,noun,
127,yukos,Lalaki,Man / Male,noun,
128,suon,Kapatid,Sibling,noun,
129,bata,Anak,Child,noun,
130,maestra,Guro,Teacher,noun,
131,ajo,Kaibigan,Friend,noun,
132,duma,Kasama,Companion,noun,
133,ngadan,Pangalan,Name,noun,
134,pahinomdom,Paalala,Reminder / Notice,noun,
135,udan,Ulan,Rain,nature,
136,bubungan,Bundok,Mountain,nature,
137,buyak,Bulaklak,Flower,nature,
138,kajo,Puno,Tree,nature,
139,yangit,Langit,Sky,nature,
140,pasak,Lupa,Soil / Land,nature,
141,wuhig,Tubig,Water,nature,
142,duhon,Dahon,Leaf,nature,
143,guyangan,Gubat,Forest,nature,
144,bagsak,Putik,Mud,nature,
145,kejo,Apoy,Fire,nature,
146,ubey,Usok,Smoke,nature,
147,kilat,Kidlat,Lightning,nature,
148,yugong,Kulog,Thunder,nature,
149,bituo,Bituin,Star,nature,
150,buyan,Buwan,Moon / Month,nature,
151,bagjo,Bagyo,Typhoon / Storm,nature,
152,yambong,Anino,Shadow,nature,
153,babayoy,Baboy,Pig,animal,
154,kibow,Kalabaw,Carabao,animal,
155,amo,Unggoy,Monkey,animal,
156,hayas,Ahas,Snake,animal,
157,amabak,Palaka,Frog,animal,
158,kabakaba,Paruparo,Butterfly,animal,
159,bayoy,Bahay,House,object,
160,kudak,Litrato,Photo,object,
161,ispiho,Salamin,Mirror,object,
162,yabe,Susi,Key,object,
163,yubon,Kumot,Blanket,object,
164,sudlay,Suklay,Comb,object,
165,pajong,Payong,Umbrella,object,
166,kandido,Kaldero,Cooking pot,object,
167,silhig,Walis,Broom,object,
168,dagom,Karayom,Needle,object,
169,dayan,Daan,Road / Path,object,
170,e an,Uman,?,other,UNCLEAR in PDF — please verify meaning
171,uyo,Ulo,Head,body,
172,simod,Ilong,Nose,body,
173,mata,Mata,Eye,body,
174,baba,Bibig,Mouth,body,
175,ngipon,Ngipin,Tooth / Teeth,body,
176,talinga,Tainga,Ear,body,
177,buyad,Kamay,Hand,body,
178,kubong,Paa,Foot,body,
179,abaga,Balikat,Shoulder,body,
180,bagakwang,Likod,Back,body,
181,gutok,Tiyan,Stomach,body,
182,dagiha,Dibdib,Chest,body,
183,kasing kasing,Puso,Heart,body,PDF says 'Piso' — assumed typo for 'Puso'
184,yangosa,Dugo,Blood,body,
185,pale,Sugat,Wound,body,
186,yuha,Luha,Tear(s),body,
187,hingoyow,Lagnat,Fever,body,
188,pahiyom,Ngiti,Smile,emotion,
189,ngisi,Tawa,Laugh,emotion,
190,yangut,Galit,Angry / Anger,emotion,Variant spelling: yangot
191,yangot,Galit,Anger,emotion,Variant spelling: yangut
192,kahidok,Takot,Afraid,emotion,
193,hidok,Takot,Fear,emotion,
194,kayutoy,Pagod,Tired,emotion,
195,kabuntas,Gutom,Hungry,emotion,
196,kalipay,Saya,Happiness / Joy,emotion,
197,kasamok,Ingay,Noise,noun,
198,kamatajon,Kamatayan,Death,noun,
199,tubag,Sagot,Answer,noun,
200,pangusip,Tanong,Question,noun,
201,sugilon,Kuwento,Story,noun,
202,pangandoy,Pangarap,Dream / Aspiration,noun,
203,hinungdan,Dahilan,Reason,noun,
204,tabang,Tulong,Help (noun),noun,
205,tambag,Payo,Advice,noun,
206,kaagi,Karanasan,Experience,noun,
207,pagkahuman,Pagkatapos,After,connector,
208,samtang,Habang,While,connector,
209,so,Dahil,Because,connector,
210,pero,Ngunit / Pero,But,connector,
211,to,Kung,If,connector,
212,pag,Kapag,When (if),connector,
213,para,Para,For,connector,
214,subuokon,Mag-isa,Alone,other,
215,atubang,Harap,Front,direction,
216,didayom,Loob,Inside,direction,
217,gawas,Labas,Outside,direction,
218,babow,Ibabaw,Above / On top,direction,
219,kawey,Kaliwa,Left,direction,
220,kalintoo,Kanan,Right,direction,
221,tapad,Tabi,Beside,direction,
222,pagtungaan,Gitna,Middle,direction,
223,tampos,Dulo,End / Edge,direction,
224,kani,Dito,Here,direction,
225,diya,Doon,There,direction,
226,sinugdan,Simula,Beginning,other,
227,kataposan,Wakas,End / Conclusion,other,
228,una,Una,First,other,
229,hudi,Huli,Last,other,
230,aangod,Pareho,Same,other,
231,lahi,Iba,Different,other,
232,tinood,Totoo,True,other,
233,sakto,Tama,Correct,other,
234,mali,Mali,Wrong,other,
